"filename", "language", "Markdown", "Makefile", "JSON", "YAML", "JavaScript", "smoλ", "C++", "C", "HTML", "Python", "PostCSS", "comment", "blank", "total"
"/home/maniospas/Desktop/p4ot/smol/.github/workflows/release.yml", "YAML", 0, 0, 0, 126, 0, 0, 0, 0, 0, 0, 0, 2, 27, 155
"/home/maniospas/Desktop/p4ot/smol/Makefile", "Makefile", 0, 21, 0, 0, 0, 0, 0, 0, 0, 0, 0, 6, 10, 37
"/home/maniospas/Desktop/p4ot/smol/README.md", "Markdown", 55, 0, 0, 0, 0, 0, 0, 0, 0, 0, 0, 0, 16, 71
"/home/maniospas/Desktop/p4ot/smol/backup/codegen.h", "C++", 0, 0, 0, 0, 0, 0, 78, 0, 0, 0, 0, 0, 10, 88
"/home/maniospas/Desktop/p4ot/smol/backup/codegen/codegen.cpp", "C++", 0, 0, 0, 0, 0, 0, 126, 0, 0, 0, 0, 17, 10, 153
"/home/maniospas/Desktop/p4ot/smol/backup/codegen/codegen_all.cpp", "C++", 0, 0, 0, 0, 0, 0, 105, 0, 0, 0, 0, 13, 7, 125
"/home/maniospas/Desktop/p4ot/smol/backup/codegen/codegen_sync.cpp", "C++", 0, 0, 0, 0, 0, 0, 52, 0, 0, 0, 0, 15, 14, 81
"/home/maniospas/Desktop/p4ot/smol/backup/codegen/handle_def_of_service.cpp", "C++", 0, 0, 0, 0, 0, 0, 94, 0, 0, 0, 0, 13, 5, 112
"/home/maniospas/Desktop/p4ot/smol/backup/codegen/handle_include.cpp", "C++", 0, 0, 0, 0, 0, 0, 107, 0, 0, 0, 0, 21, 7, 135
"/home/maniospas/Desktop/p4ot/smol/backup/codegen/handle_install.cpp", "C++", 0, 0, 0, 0, 0, 0, 45, 0, 0, 0, 0, 12, 3, 60
"/home/maniospas/Desktop/p4ot/smol/backup/codegen/handle_union.cpp", "C++", 0, 0, 0, 0, 0, 0, 44, 0, 0, 0, 0, 12, 9, 65
"/home/maniospas/Desktop/p4ot/smol/backup/def.cpp", "C++", 0, 0, 0, 0, 0, 0, 72, 0, 0, 0, 0, 12, 6, 90
"/home/maniospas/Desktop/p4ot/smol/backup/def.h", "C++", 0, 0, 0, 0, 0, 0, 304, 0, 0, 0, 0, 25, 26, 355
"/home/maniospas/Desktop/p4ot/smol/backup/parser/assign_variable.cpp", "C++", 0, 0, 0, 0, 0, 0, 120, 0, 0, 0, 0, 15, 2, 137
"/home/maniospas/Desktop/p4ot/smol/backup/parser/call_type.cpp", "C++", 0, 0, 0, 0, 0, 0, 543, 0, 0, 0, 0, 29, 27, 599
"/home/maniospas/Desktop/p4ot/smol/backup/parser/directives/parse_directive.cpp", "C++", 0, 0, 0, 0, 0, 0, 76, 0, 0, 0, 0, 12, 2, 90
"/home/maniospas/Desktop/p4ot/smol/backup/parser/directives/parse_directive_body.cpp", "C++", 0, 0, 0, 0, 0, 0, 46, 0, 0, 0, 0, 13, 1, 60
"/home/maniospas/Desktop/p4ot/smol/backup/parser/directives/parse_directive_fail.cpp", "C++", 0, 0, 0, 0, 0, 0, 53, 0, 0, 0, 0, 12, 1, 66
"/home/maniospas/Desktop/p4ot/smol/backup/parser/directives/parse_directive_finally.cpp", "C++", 0, 0, 0, 0, 0, 0, 59, 0, 0, 0, 0, 12, 1, 72
"/home/maniospas/Desktop/p4ot/smol/backup/parser/directives/parse_directive_head.cpp", "C++", 0, 0, 0, 0, 0, 0, 30, 0, 0, 0, 0, 12, 1, 43
"/home/maniospas/Desktop/p4ot/smol/backup/parser/directives/parse_directive_link.cpp", "C++", 0, 0, 0, 0, 0, 0, 27, 0, 0, 0, 0, 12, 1, 40
"/home/maniospas/Desktop/p4ot/smol/backup/parser/directives/parse_directive_release.cpp", "C++", 0, 0, 0, 0, 0, 0, 56, 0, 0, 0, 0, 23, 1, 80
"/home/maniospas/Desktop/p4ot/smol/backup/parser/expression/buffer/parse_buffer_create.cpp", "C++", 0, 0, 0, 0, 0, 0, 131, 0, 0, 0, 0, 19, 5, 155
"/home/maniospas/Desktop/p4ot/smol/backup/parser/expression/buffer/parse_buffer_expect.cpp", "C++", 0, 0, 0, 0, 0, 0, 132, 0, 0, 0, 0, 17, 16, 165
"/home/maniospas/Desktop/p4ot/smol/backup/parser/expression/buffer/parse_buffer_len.cpp", "C++", 0, 0, 0, 0, 0, 0, 47, 0, 0, 0, 0, 12, 3, 62
"/home/maniospas/Desktop/p4ot/smol/backup/parser/expression/buffer/parse_buffer_pop.cpp", "C++", 0, 0, 0, 0, 0, 0, 141, 0, 0, 0, 0, 12, 28, 181
"/home/maniospas/Desktop/p4ot/smol/backup/parser/expression/buffer/parse_buffer_push.cpp", "C++", 0, 0, 0, 0, 0, 0, 151, 0, 0, 0, 0, 19, 21, 191
"/home/maniospas/Desktop/p4ot/smol/backup/parser/expression/buffer/parse_buffer_put.cpp", "C++", 0, 0, 0, 0, 0, 0, 121, 0, 0, 0, 0, 17, 14, 152
"/home/maniospas/Desktop/p4ot/smol/backup/parser/expression/flow/parse_if.cpp", "C++", 0, 0, 0, 0, 0, 0, 88, 0, 0, 0, 0, 32, 4, 124
"/home/maniospas/Desktop/p4ot/smol/backup/parser/expression/flow/parse_on.cpp", "C++", 0, 0, 0, 0, 0, 0, 12, 0, 0, 0, 0, 35, 3, 50
"/home/maniospas/Desktop/p4ot/smol/backup/parser/expression/flow/parse_while.cpp", "C++", 0, 0, 0, 0, 0, 0, 29, 0, 0, 0, 0, 16, 2, 47
"/home/maniospas/Desktop/p4ot/smol/backup/parser/expression/flow/parse_with.cpp", "C++", 0, 0, 0, 0, 0, 0, 80, 0, 0, 0, 0, 19, 4, 103
"/home/maniospas/Desktop/p4ot/smol/backup/parser/expression/parse_expression.cpp", "C++", 0, 0, 0, 0, 0, 0, 173, 0, 0, 0, 0, 31, 14, 218
"/home/maniospas/Desktop/p4ot/smol/backup/parser/expression/parse_primitive.cpp", "C++", 0, 0, 0, 0, 0, 0, 20, 0, 0, 0, 0, 14, 2, 36
"/home/maniospas/Desktop/p4ot/smol/backup/parser/expression/parse_runtype.cpp", "C++", 0, 0, 0, 0, 0, 0, 299, 0, 0, 0, 0, 26, 8, 333
"/home/maniospas/Desktop/p4ot/smol/backup/parser/gather_tuple.cpp", "C++", 0, 0, 0, 0, 0, 0, 104, 0, 0, 0, 0, 12, 5, 121
"/home/maniospas/Desktop/p4ot/smol/backup/parser/next_var/next_var.cpp", "C++", 0, 0, 0, 0, 0, 0, 78, 0, 0, 0, 0, 13, 3, 94
"/home/maniospas/Desktop/p4ot/smol/backup/parser/next_var/next_var_and.cpp", "C++", 0, 0, 0, 0, 0, 0, 68, 0, 0, 0, 0, 12, 2, 82
"/home/maniospas/Desktop/p4ot/smol/backup/parser/next_var/next_var_at.cpp", "C++", 0, 0, 0, 0, 0, 0, 184, 0, 0, 0, 0, 12, 5, 201
"/home/maniospas/Desktop/p4ot/smol/backup/parser/next_var/next_var_buffer_at.cpp", "C++", 0, 0, 0, 0, 0, 0, 334, 0, 0, 0, 0, 28, 25, 387
"/home/maniospas/Desktop/p4ot/smol/backup/parser/next_var/next_var_field.cpp", "C++", 0, 0, 0, 0, 0, 0, 147, 0, 0, 0, 0, 14, 4, 165
"/home/maniospas/Desktop/p4ot/smol/backup/parser/next_var/next_var_or.cpp", "C++", 0, 0, 0, 0, 0, 0, 66, 0, 0, 0, 0, 12, 2, 80
"/home/maniospas/Desktop/p4ot/smol/backup/parser/parse.cpp", "C++", 0, 0, 0, 0, 0, 0, 216, 0, 0, 0, 0, 37, 9, 262
"/home/maniospas/Desktop/p4ot/smol/backup/parser/parse_signature.cpp", "C++", 0, 0, 0, 0, 0, 0, 431, 0, 0, 0, 0, 20, 22, 473
"/home/maniospas/Desktop/p4ot/smol/backup/parser/properties/properties.cpp", "C++", 0, 0, 0, 0, 0, 0, 217, 0, 0, 0, 0, 25, 9, 251
"/home/maniospas/Desktop/p4ot/smol/backup/parser/rebase.cpp", "C++", 0, 0, 0, 0, 0, 0, 33, 0, 0, 0, 0, 12, 4, 49
"/home/maniospas/Desktop/p4ot/smol/backup/parser/returns/map_to_return.cpp", "C++", 0, 0, 0, 0, 0, 0, 191, 0, 0, 0, 0, 17, 5, 213
"/home/maniospas/Desktop/p4ot/smol/backup/parser/returns/parse_return.cpp", "C++", 0, 0, 0, 0, 0, 0, 69, 0, 0, 0, 0, 16, 4, 89
"/home/maniospas/Desktop/p4ot/smol/backup/parser/simplify.cpp", "C++", 0, 0, 0, 0, 0, 0, 295, 0, 0, 0, 0, 26, 19, 340
"/home/maniospas/Desktop/p4ot/smol/backup/parser/tostr/recommendations.cpp", "C++", 0, 0, 0, 0, 0, 0, 44, 0, 0, 0, 0, 14, 3, 61
"/home/maniospas/Desktop/p4ot/smol/backup/parser/tostr/signature.cpp", "C++", 0, 0, 0, 0, 0, 0, 122, 0, 0, 0, 0, 3, 6, 131
"/home/maniospas/Desktop/p4ot/smol/backup/smolang.cpp", "C++", 0, 0, 0, 0, 0, 0, 621, 0, 0, 0, 0, 38, 23, 682
"/home/maniospas/Desktop/p4ot/smol/backup/tokenize.cpp", "C++", 0, 0, 0, 0, 0, 0, 467, 0, 0, 0, 0, 31, 25, 523
"/home/maniospas/Desktop/p4ot/smol/backup/tokenize.h", "C++", 0, 0, 0, 0, 0, 0, 41, 0, 0, 0, 0, 13, 9, 63
"/home/maniospas/Desktop/p4ot/smol/backup/utils/base62.cpp", "C++", 0, 0, 0, 0, 0, 0, 18, 0, 0, 0, 0, 12, 4, 34
"/home/maniospas/Desktop/p4ot/smol/backup/utils/base62.h", "C++", 0, 0, 0, 0, 0, 0, 7, 0, 0, 0, 0, 12, 4, 23
"/home/maniospas/Desktop/p4ot/smol/backup/utils/common.cpp", "C++", 0, 0, 0, 0, 0, 0, 179, 0, 0, 0, 0, 17, 20, 216
"/home/maniospas/Desktop/p4ot/smol/backup/utils/common.h", "C++", 0, 0, 0, 0, 0, 0, 33, 0, 0, 0, 0, 17, 11, 61
"/home/maniospas/Desktop/p4ot/smol/backup/utils/compiler.cpp", "C++", 0, 0, 0, 0, 0, 0, 31, 0, 0, 0, 0, 4, 5, 40
"/home/maniospas/Desktop/p4ot/smol/backup/utils/compiler.h", "C++", 0, 0, 0, 0, 0, 0, 34, 0, 0, 0, 0, 13, 8, 55
"/home/maniospas/Desktop/p4ot/smol/backup/utils/faststring.cpp", "C++", 0, 0, 0, 0, 0, 0, 14, 0, 0, 0, 0, 12, 3, 29
"/home/maniospas/Desktop/p4ot/smol/backup/utils/faststring.h", "C++", 0, 0, 0, 0, 0, 0, 31, 0, 0, 0, 0, 12, 7, 50
"/home/maniospas/Desktop/p4ot/smol/backup/utils/segments.h", "C++", 0, 0, 0, 0, 0, 0, 292, 0, 0, 0, 0, 45, 23, 360
"/home/maniospas/Desktop/p4ot/smol/backup/utils/tasks.cpp", "C++", 0, 0, 0, 0, 0, 0, 24, 0, 0, 0, 0, 0, 1, 25
"/home/maniospas/Desktop/p4ot/smol/backup/utils/tasks.h", "C++", 0, 0, 0, 0, 0, 0, 15, 0, 0, 0, 0, 0, 3, 18
"/home/maniospas/Desktop/p4ot/smol/backup/utils/topython.cpp", "C++", 0, 0, 0, 0, 0, 0, 25, 0, 0, 0, 0, 0, 2, 27
"/home/maniospas/Desktop/p4ot/smol/backup/utils/topython.h", "C++", 0, 0, 0, 0, 0, 0, 8, 0, 0, 0, 0, 0, 4, 12
"/home/maniospas/Desktop/p4ot/smol/docs/blog/2025-09-06.html", "HTML", 0, 0, 0, 0, 0, 0, 0, 0, 426, 0, 0, 0, 55, 481
"/home/maniospas/Desktop/p4ot/smol/docs/index.html", "HTML", 0, 0, 0, 0, 0, 0, 0, 0, 131, 0, 0, 6, 14, 151
"/home/maniospas/Desktop/p4ot/smol/docs/material.html", "HTML", 0, 0, 0, 0, 0, 0, 0, 0, 133, 0, 0, 3, 16, 152
"/home/maniospas/Desktop/p4ot/smol/docs/std.html", "HTML", 0, 0, 0, 0, 0, 0, 0, 0, 809, 0, 0, 0, 10, 819
"/home/maniospas/Desktop/p4ot/smol/docs/std.s", "smoλ", 0, 0, 0, 0, 0, 22, 0, 0, 0, 0, 0, 0, 1, 23
"/home/maniospas/Desktop/p4ot/smol/docs/tutorial.html", "HTML", 0, 0, 0, 0, 0, 0, 0, 0, 1343, 0, 0, 8, 325, 1676
"/home/maniospas/Desktop/p4ot/smol/docs/vendor/prism/prism.min.css", "PostCSS", 0, 0, 0, 0, 0, 0, 0, 0, 0, 0, 1, 0, 0, 1
"/home/maniospas/Desktop/p4ot/smol/docs/vendor/prism/prism.min.js", "JavaScript", 0, 0, 0, 0, 1, 0, 0, 0, 0, 0, 0, 0, 0, 1
"/home/maniospas/Desktop/p4ot/smol/lsp/README.md", "Markdown", 3, 0, 0, 0, 0, 0, 0, 0, 0, 0, 0, 0, 1, 4
"/home/maniospas/Desktop/p4ot/smol/lsp/extension.js", "JavaScript", 0, 0, 0, 0, 37, 0, 0, 0, 0, 0, 0, 1, 4, 42
"/home/maniospas/Desktop/p4ot/smol/lsp/language-configuration.json", "JSON", 0, 0, 16, 0, 0, 0, 0, 0, 0, 0, 0, 0, 1, 17
"/home/maniospas/Desktop/p4ot/smol/lsp/package.json", "JSON", 0, 0, 53, 0, 0, 0, 0, 0, 0, 0, 0, 0, 1, 54
"/home/maniospas/Desktop/p4ot/smol/lsp/server.js", "JavaScript", 0, 0, 0, 0, 559, 0, 0, 0, 0, 0, 0, 27, 44, 630
"/home/maniospas/Desktop/p4ot/smol/lsp/smol_builtins.js", "JavaScript", 0, 0, 0, 0, 3, 0, 0, 0, 0, 0, 0, 0, 0, 3
"/home/maniospas/Desktop/p4ot/smol/lsp/smol_directives.js", "JavaScript", 0, 0, 0, 0, 23, 0, 0, 0, 0, 0, 0, 0, 1, 24
"/home/maniospas/Desktop/p4ot/smol/lsp/smol_keywords.js", "JavaScript", 0, 0, 0, 0, 4, 0, 0, 0, 0, 0, 0, 0, 0, 4
"/home/maniospas/Desktop/p4ot/smol/lsp/syntaxes/smolambda.tmLanguage.json", "JSON", 0, 0, 45, 0, 0, 0, 0, 0, 0, 0, 0, 0, 1, 46
"/home/maniospas/Desktop/p4ot/smol/self/console.c", "C", 0, 0, 0, 0, 0, 0, 0, 395, 0, 0, 0, 8, 20, 423
"/home/maniospas/Desktop/p4ot/smol/self/console.s", "smoλ", 0, 0, 0, 0, 0, 22, 0, 0, 0, 0, 0, 0, 3, 25
"/home/maniospas/Desktop/p4ot/smol/self/main.s", "smoλ", 0, 0, 0, 0, 0, 47, 0, 0, 0, 0, 0, 1, 6, 54
"/home/maniospas/Desktop/p4ot/smol/src/function.cpp", "C++", 0, 0, 0, 0, 0, 0, 19, 0, 0, 0, 0, 1, 3, 23
"/home/maniospas/Desktop/p4ot/smol/src/function.h", "C++", 0, 0, 0, 0, 0, 0, 104, 0, 0, 0, 0, 0, 7, 111
"/home/maniospas/Desktop/p4ot/smol/src/importer.cpp", "C++", 0, 0, 0, 0, 0, 0, 176, 0, 0, 0, 0, 15, 14, 205
"/home/maniospas/Desktop/p4ot/smol/src/importer.h", "C++", 0, 0, 0, 0, 0, 0, 59, 0, 0, 0, 0, 0, 4, 63
"/home/maniospas/Desktop/p4ot/smol/src/module.cpp", "C++", 0, 0, 0, 0, 0, 0, 119, 0, 0, 0, 0, 5, 4, 128
"/home/maniospas/Desktop/p4ot/smol/src/module.h", "C++", 0, 0, 0, 0, 0, 0, 51, 0, 0, 0, 0, 0, 7, 58
"/home/maniospas/Desktop/p4ot/smol/src/smol.cpp", "C++", 0, 0, 0, 0, 0, 0, 12, 0, 0, 0, 0, 0, 2, 14
"/home/maniospas/Desktop/p4ot/smol/std/core.s", "smoλ", 0, 0, 0, 0, 0, 7, 0, 0, 0, 0, 0, 16, 2, 25
"/home/maniospas/Desktop/p4ot/smol/std/core/convert.s", "smoλ", 0, 0, 0, 0, 0, 178, 0, 0, 0, 0, 0, 16, 14, 208
"/home/maniospas/Desktop/p4ot/smol/std/core/err.s", "smoλ", 0, 0, 0, 0, 0, 65, 0, 0, 0, 0, 0, 17, 11, 93
"/home/maniospas/Desktop/p4ot/smol/std/core/num.s", "smoλ", 0, 0, 0, 0, 0, 263, 0, 0, 0, 0, 0, 22, 75, 360
"/home/maniospas/Desktop/p4ot/smol/std/core/range.s", "smoλ", 0, 0, 0, 0, 0, 26, 0, 0, 0, 0, 0, 16, 9, 51
"/home/maniospas/Desktop/p4ot/smol/std/core/str.s", "smoλ", 0, 0, 0, 0, 0, 342, 0, 0, 0, 0, 0, 22, 79, 443
"/home/maniospas/Desktop/p4ot/smol/std/file.s", "smoλ", 0, 0, 0, 0, 0, 379, 0, 0, 0, 0, 0, 18, 41, 438
"/home/maniospas/Desktop/p4ot/smol/std/html.s", "smoλ", 0, 0, 0, 0, 0, 52, 0, 0, 0, 0, 0, 1, 17, 70
"/home/maniospas/Desktop/p4ot/smol/std/map.s", "smoλ", 0, 0, 0, 0, 0, 101, 0, 0, 0, 0, 0, 0, 26, 127
"/home/maniospas/Desktop/p4ot/smol/std/math.s", "smoλ", 0, 0, 0, 0, 0, 126, 0, 0, 0, 0, 0, 22, 31, 179
"/home/maniospas/Desktop/p4ot/smol/std/mem.s", "smoλ", 0, 0, 0, 0, 0, 4, 0, 0, 0, 0, 0, 16, 2, 22
"/home/maniospas/Desktop/p4ot/smol/std/mem/arena.s", "smoλ", 0, 0, 0, 0, 0, 130, 0, 0, 0, 0, 0, 17, 28, 175
"/home/maniospas/Desktop/p4ot/smol/std/mem/device.s", "smoλ", 0, 0, 0, 0, 0, 84, 0, 0, 0, 0, 0, 17, 16, 117
"/home/maniospas/Desktop/p4ot/smol/std/mem/grid.s", "smoλ", 0, 0, 0, 0, 0, 0, 0, 0, 0, 0, 0, 57, 8, 65
"/home/maniospas/Desktop/p4ot/smol/std/mem/str.s", "smoλ", 0, 0, 0, 0, 0, 134, 0, 0, 0, 0, 0, 16, 17, 167
"/home/maniospas/Desktop/p4ot/smol/std/os.s", "smoλ", 0, 0, 0, 0, 0, 128, 0, 0, 0, 0, 0, 20, 20, 168
"/home/maniospas/Desktop/p4ot/smol/std/oscommon.h", "C++", 0, 0, 0, 0, 0, 0, 124, 0, 0, 0, 0, 16, 28, 168
"/home/maniospas/Desktop/p4ot/smol/std/rand.s", "smoλ", 0, 0, 0, 0, 0, 83, 0, 0, 0, 0, 0, 22, 13, 118
"/home/maniospas/Desktop/p4ot/smol/std/ray.s", "smoλ", 0, 0, 0, 0, 0, 154, 0, 0, 0, 0, 0, 20, 25, 199
"/home/maniospas/Desktop/p4ot/smol/std/rayget.s", "smoλ", 0, 0, 0, 0, 0, 17, 0, 0, 0, 0, 0, 0, 2, 19
"/home/maniospas/Desktop/p4ot/smol/std/runtime/auto.h", "C++", 0, 0, 0, 0, 0, 0, 7, 0, 0, 0, 0, 47, 4, 58
"/home/maniospas/Desktop/p4ot/smol/std/runtime/eager.h", "C++", 0, 0, 0, 0, 0, 0, 106, 0, 0, 0, 0, 52, 26, 184
"/home/maniospas/Desktop/p4ot/smol/std/runtime/threads.h", "C++", 0, 0, 0, 0, 0, 0, 408, 0, 0, 0, 0, 77, 49, 534
"/home/maniospas/Desktop/p4ot/smol/std/time.s", "smoλ", 0, 0, 0, 0, 0, 32, 0, 0, 0, 0, 0, 17, 10, 59
"/home/maniospas/Desktop/p4ot/smol/std/vec.s", "smoλ", 0, 0, 0, 0, 0, 247, 0, 0, 0, 0, 0, 17, 32, 296
"/home/maniospas/Desktop/p4ot/smol/tests/app/fib.s", "smoλ", 0, 0, 0, 0, 0, 17, 0, 0, 0, 0, 0, 0, 6, 23
"/home/maniospas/Desktop/p4ot/smol/tests/app/file.s", "smoλ", 0, 0, 0, 0, 0, 37, 0, 0, 0, 0, 0, 0, 5, 42
"/home/maniospas/Desktop/p4ot/smol/tests/app/index.c", "C", 0, 0, 0, 0, 0, 0, 0, 347, 0, 0, 0, 4, 16, 367
"/home/maniospas/Desktop/p4ot/smol/tests/app/index.s", "smoλ", 0, 0, 0, 0, 0, 21, 0, 0, 0, 0, 0, 3, 6, 30
"/home/maniospas/Desktop/p4ot/smol/tests/app/person.s", "smoλ", 0, 0, 0, 0, 0, 8, 0, 0, 0, 0, 0, 0, 2, 10
"/home/maniospas/Desktop/p4ot/smol/tests/app/quicksort.c", "C", 0, 0, 0, 0, 0, 0, 0, 699, 0, 0, 0, 4, 23, 726
"/home/maniospas/Desktop/p4ot/smol/tests/app/quicksort.s", "smoλ", 0, 0, 0, 0, 0, 75, 0, 0, 0, 0, 0, 0, 13, 88
"/home/maniospas/Desktop/p4ot/smol/tests/app/ray.c", "C", 0, 0, 0, 0, 0, 0, 0, 934, 0, 0, 0, 8, 22, 964
"/home/maniospas/Desktop/p4ot/smol/tests/app/ray.s", "smoλ", 0, 0, 0, 0, 0, 67, 0, 0, 0, 0, 0, 2, 7, 76
"/home/maniospas/Desktop/p4ot/smol/tests/app/test.s", "smoλ", 0, 0, 0, 0, 0, 14, 0, 0, 0, 0, 0, 0, 3, 17
"/home/maniospas/Desktop/p4ot/smol/tests/qualitative/access.s", "smoλ", 0, 0, 0, 0, 0, 8, 0, 0, 0, 0, 0, 1, 2, 11
"/home/maniospas/Desktop/p4ot/smol/tests/qualitative/acquire.s", "smoλ", 0, 0, 0, 0, 0, 16, 0, 0, 0, 0, 0, 1, 3, 20
"/home/maniospas/Desktop/p4ot/smol/tests/qualitative/advanced_proof.s", "smoλ", 0, 0, 0, 0, 0, 55, 0, 0, 0, 0, 0, 7, 18, 80
"/home/maniospas/Desktop/p4ot/smol/tests/qualitative/banana.c", "C", 0, 0, 0, 0, 0, 0, 0, 349, 0, 0, 0, 4, 13, 366
"/home/maniospas/Desktop/p4ot/smol/tests/qualitative/banana.s", "smoλ", 0, 0, 0, 0, 0, 7, 0, 0, 0, 0, 0, 0, 2, 9
"/home/maniospas/Desktop/p4ot/smol/tests/qualitative/console.s", "smoλ", 0, 0, 0, 0, 0, 11, 0, 0, 0, 0, 0, 0, 2, 13
"/home/maniospas/Desktop/p4ot/smol/tests/qualitative/console_read.s", "smoλ", 0, 0, 0, 0, 0, 12, 0, 0, 0, 0, 0, 0, 2, 14
"/home/maniospas/Desktop/p4ot/smol/tests/qualitative/corbuffer.s", "smoλ", 0, 0, 0, 0, 0, 14, 0, 0, 0, 0, 0, 0, 4, 18
"/home/maniospas/Desktop/p4ot/smol/tests/qualitative/coroutine", "C++", 0, 0, 0, 0, 0, 0, 23, 0, 0, 0, 0, 0, 0, 23
"/home/maniospas/Desktop/p4ot/smol/tests/qualitative/coroutine.s", "smoλ", 0, 0, 0, 0, 0, 7, 0, 0, 0, 0, 0, 0, 3, 10
"/home/maniospas/Desktop/p4ot/smol/tests/qualitative/hello.s", "smoλ", 0, 0, 0, 0, 0, 13, 0, 0, 0, 0, 0, 0, 2, 15
"/home/maniospas/Desktop/p4ot/smol/tests/qualitative/indent.s", "smoλ", 0, 0, 0, 0, 0, 6, 0, 0, 0, 0, 0, 0, 1, 7
"/home/maniospas/Desktop/p4ot/smol/tests/qualitative/nummap.s", "smoλ", 0, 0, 0, 0, 0, 13, 0, 0, 0, 0, 0, 0, 3, 16
"/home/maniospas/Desktop/p4ot/smol/tests/qualitative/own.s", "smoλ", 0, 0, 0, 0, 0, 13, 0, 0, 0, 0, 0, 0, 4, 17
"/home/maniospas/Desktop/p4ot/smol/tests/qualitative/point.s", "smoλ", 0, 0, 0, 0, 0, 18, 0, 0, 0, 0, 0, 0, 5, 23
"/home/maniospas/Desktop/p4ot/smol/tests/qualitative/priority.s", "smoλ", 0, 0, 0, 0, 0, 3, 0, 0, 0, 0, 0, 0, 2, 5
"/home/maniospas/Desktop/p4ot/smol/tests/qualitative/process.s", "smoλ", 0, 0, 0, 0, 0, 9, 0, 0, 0, 0, 0, 0, 1, 10
"/home/maniospas/Desktop/p4ot/smol/tests/qualitative/proof.s", "smoλ", 0, 0, 0, 0, 0, 29, 0, 0, 0, 0, 0, 6, 8, 43
"/home/maniospas/Desktop/p4ot/smol/tests/qualitative/rand.s", "smoλ", 0, 0, 0, 0, 0, 7, 0, 0, 0, 0, 0, 0, 2, 9
"/home/maniospas/Desktop/p4ot/smol/tests/qualitative/release.s", "smoλ", 0, 0, 0, 0, 0, 14, 0, 0, 0, 0, 0, 1, 4, 19
"/home/maniospas/Desktop/p4ot/smol/tests/qualitative/release_service.s", "smoλ", 0, 0, 0, 0, 0, 6, 0, 0, 0, 0, 0, 3, 3, 12
"/home/maniospas/Desktop/p4ot/smol/tests/qualitative/serialize.s", "smoλ", 0, 0, 0, 0, 0, 35, 0, 0, 0, 0, 0, 4, 10, 49
"/home/maniospas/Desktop/p4ot/smol/tests/qualitative/sleep.s", "smoλ", 0, 0, 0, 0, 0, 14, 0, 0, 0, 0, 0, 5, 3, 22
"/home/maniospas/Desktop/p4ot/smol/tests/qualitative/splt.s", "smoλ", 0, 0, 0, 0, 0, 17, 0, 0, 0, 0, 0, 0, 3, 20
"/home/maniospas/Desktop/p4ot/smol/tests/qualitative/unique_mem.s", "smoλ", 0, 0, 0, 0, 0, 14, 0, 0, 0, 0, 0, 4, 6, 24
"/home/maniospas/Desktop/p4ot/smol/tests/qualitative/unsafe_map.s", "smoλ", 0, 0, 0, 0, 0, 18, 0, 0, 0, 0, 0, 3, 3, 24
"/home/maniospas/Desktop/p4ot/smol/tests/qualitative/volatile_safe.c", "C", 0, 0, 0, 0, 0, 0, 0, 246, 0, 0, 0, 4, 14, 264
"/home/maniospas/Desktop/p4ot/smol/tests/qualitative/volatile_safe.s", "smoλ", 0, 0, 0, 0, 0, 5, 0, 0, 0, 0, 0, 0, 2, 7
"/home/maniospas/Desktop/p4ot/smol/tests/unit/all.c", "C", 0, 0, 0, 0, 0, 0, 0, 1551, 0, 0, 0, 32, 59, 1642
"/home/maniospas/Desktop/p4ot/smol/tests/unit/all.s", "smoλ", 0, 0, 0, 0, 0, 57, 0, 0, 0, 0, 0, 8, 5, 70
"/home/maniospas/Desktop/p4ot/smol/tests/unit/buffers/bbuffer.s", "smoλ", 0, 0, 0, 0, 0, 15, 0, 0, 0, 0, 0, 0, 3, 18
"/home/maniospas/Desktop/p4ot/smol/tests/unit/buffers/buffer.s", "smoλ", 0, 0, 0, 0, 0, 14, 0, 0, 0, 0, 0, 0, 6, 20
"/home/maniospas/Desktop/p4ot/smol/tests/unit/buffers/bufferconst.s", "smoλ", 0, 0, 0, 0, 0, 17, 0, 0, 0, 0, 0, 0, 5, 22
"/home/maniospas/Desktop/p4ot/smol/tests/unit/buffers/buffergrow.s", "smoλ", 0, 0, 0, 0, 0, 7, 0, 0, 0, 0, 0, 0, 1, 8
"/home/maniospas/Desktop/p4ot/smol/tests/unit/buffers/retbuffer.s", "smoλ", 0, 0, 0, 0, 0, 18, 0, 0, 0, 0, 0, 0, 7, 25
"/home/maniospas/Desktop/p4ot/smol/tests/unit/buffers/sbuffer.s", "smoλ", 0, 0, 0, 0, 0, 8, 0, 0, 0, 0, 0, 0, 2, 10
"/home/maniospas/Desktop/p4ot/smol/tests/unit/buffers/servbuf.s", "smoλ", 0, 0, 0, 0, 0, 9, 0, 0, 0, 0, 0, 0, 3, 12
"/home/maniospas/Desktop/p4ot/smol/tests/unit/buffers/servbuf_alloc.s", "smoλ", 0, 0, 0, 0, 0, 10, 0, 0, 0, 0, 0, 0, 2, 12
"/home/maniospas/Desktop/p4ot/smol/tests/unit/buffers/shared.s", "smoλ", 0, 0, 0, 0, 0, 20, 0, 0, 0, 0, 0, 5, 6, 31
"/home/maniospas/Desktop/p4ot/smol/tests/unit/map", "C++", 0, 0, 0, 0, 0, 0, 102, 0, 0, 0, 0, 0, 0, 102
"/home/maniospas/Desktop/p4ot/smol/tests/unit/map.s", "smoλ", 0, 0, 0, 0, 0, 12, 0, 0, 0, 0, 0, 0, 3, 15
"/home/maniospas/Desktop/p4ot/smol/tests/unit/resources/cat.s", "smoλ", 0, 0, 0, 0, 0, 8, 0, 0, 0, 0, 0, 0, 2, 10
"/home/maniospas/Desktop/p4ot/smol/tests/unit/resources/dynamic.c", "C", 0, 0, 0, 0, 0, 0, 0, 516, 0, 0, 0, 4, 12, 532
"/home/maniospas/Desktop/p4ot/smol/tests/unit/resources/dynamic.s", "smoλ", 0, 0, 0, 0, 0, 58, 0, 0, 0, 0, 0, 0, 16, 74
"/home/maniospas/Desktop/p4ot/smol/tests/unit/resources/effvec.s", "smoλ", 0, 0, 0, 0, 0, 12, 0, 0, 0, 0, 0, 0, 6, 18
"/home/maniospas/Desktop/p4ot/smol/tests/unit/resources/fail.c", "C", 0, 0, 0, 0, 0, 0, 0, 279, 0, 0, 0, 8, 20, 307
"/home/maniospas/Desktop/p4ot/smol/tests/unit/resources/fail.s", "smoλ", 0, 0, 0, 0, 0, 10, 0, 0, 0, 0, 0, 1, 2, 13
"/home/maniospas/Desktop/p4ot/smol/tests/unit/resources/file.c", "C", 0, 0, 0, 0, 0, 0, 0, 334, 0, 0, 0, 4, 14, 352
"/home/maniospas/Desktop/p4ot/smol/tests/unit/resources/file.s", "smoλ", 0, 0, 0, 0, 0, 14, 0, 0, 0, 0, 0, 0, 3, 17
"/home/maniospas/Desktop/p4ot/smol/tests/unit/resources/filesize.s", "smoλ", 0, 0, 0, 0, 0, 8, 0, 0, 0, 0, 0, 0, 2, 10
"/home/maniospas/Desktop/p4ot/smol/tests/unit/resources/finally.s", "smoλ", 0, 0, 0, 0, 0, 14, 0, 0, 0, 0, 0, 0, 3, 17
"/home/maniospas/Desktop/p4ot/smol/tests/unit/resources/map", "C++", 0, 0, 0, 0, 0, 0, 20, 0, 0, 0, 0, 0, 0, 20
"/home/maniospas/Desktop/p4ot/smol/tests/unit/resources/map.s", "smoλ", 0, 0, 0, 0, 0, 14, 0, 0, 0, 0, 0, 0, 3, 17
"/home/maniospas/Desktop/p4ot/smol/tests/unit/resources/mem.s", "smoλ", 0, 0, 0, 0, 0, 7, 0, 0, 0, 0, 0, 0, 2, 9
"/home/maniospas/Desktop/p4ot/smol/tests/unit/resources/memtest.s", "smoλ", 0, 0, 0, 0, 0, 13, 0, 0, 0, 0, 0, 0, 3, 16
"/home/maniospas/Desktop/p4ot/smol/tests/unit/resources/own.c", "C", 0, 0, 0, 0, 0, 0, 0, 167, 0, 0, 0, 7, 18, 192
"/home/maniospas/Desktop/p4ot/smol/tests/unit/resources/own.s", "smoλ", 0, 0, 0, 0, 0, 10, 0, 0, 0, 0, 0, 0, 2, 12
"/home/maniospas/Desktop/p4ot/smol/tests/unit/resources/ref.s", "smoλ", 0, 0, 0, 0, 0, 11, 0, 0, 0, 0, 0, 0, 4, 15
"/home/maniospas/Desktop/p4ot/smol/tests/unit/resources/strcat.s", "smoλ", 0, 0, 0, 0, 0, 18, 0, 0, 0, 0, 0, 5, 9, 32
"/home/maniospas/Desktop/p4ot/smol/tests/unit/resources/vec.c", "C", 0, 0, 0, 0, 0, 0, 0, 519, 0, 0, 0, 4, 13, 536
"/home/maniospas/Desktop/p4ot/smol/tests/unit/resources/vec.s", "smoλ", 0, 0, 0, 0, 0, 12, 0, 0, 0, 0, 0, 0, 3, 15
"/home/maniospas/Desktop/p4ot/smol/tests/unit/resources/virtfile.s", "smoλ", 0, 0, 0, 0, 0, 11, 0, 0, 0, 0, 0, 0, 2, 13
"/home/maniospas/Desktop/p4ot/smol/tests/unit/service/fib.c", "C", 0, 0, 0, 0, 0, 0, 0, 114, 0, 0, 0, 7, 17, 138
"/home/maniospas/Desktop/p4ot/smol/tests/unit/service/fib.py", "Python", 0, 0, 0, 0, 0, 0, 0, 0, 0, 42, 0, 0, 9, 51
"/home/maniospas/Desktop/p4ot/smol/tests/unit/service/fib.s", "smoλ", 0, 0, 0, 0, 0, 13, 0, 0, 0, 0, 0, 3, 3, 19
"/home/maniospas/Desktop/p4ot/smol/tests/unit/service/fibtest.py", "Python", 0, 0, 0, 0, 0, 0, 0, 0, 0, 2, 0, 0, 2, 4
"/home/maniospas/Desktop/p4ot/smol/tests/unit/service/infinite.s", "smoλ", 0, 0, 0, 0, 0, 13, 0, 0, 0, 0, 0, 0, 3, 16
"/home/maniospas/Desktop/p4ot/smol/tests/unit/sgn.c", "C", 0, 0, 0, 0, 0, 0, 0, 94, 0, 0, 0, 3, 11, 108
"/home/maniospas/Desktop/p4ot/smol/tests/unit/sgn.s", "smoλ", 0, 0, 0, 0, 0, 19, 0, 0, 0, 0, 0, 1, 4, 24
"/home/maniospas/Desktop/p4ot/smol/tests/unit/strdsl.s", "smoλ", 0, 0, 0, 0, 0, 36, 0, 0, 0, 0, 0, 0, 7, 43
"/home/maniospas/Desktop/p4ot/smol/tests/unit/tutorial/affine.s", "smoλ", 0, 0, 0, 0, 0, 6, 0, 0, 0, 0, 0, 0, 2, 8
"/home/maniospas/Desktop/p4ot/smol/tests/unit/tutorial/algorithm", "C++", 0, 0, 0, 0, 0, 0, 14, 0, 0, 0, 0, 0, 1, 15
"/home/maniospas/Desktop/p4ot/smol/tests/unit/tutorial/algorithm.s", "smoλ", 0, 0, 0, 0, 0, 13, 0, 0, 0, 0, 0, 0, 1, 14
"/home/maniospas/Desktop/p4ot/smol/tests/unit/tutorial/buffer.s", "smoλ", 0, 0, 0, 0, 0, 20, 0, 0, 0, 0, 0, 1, 6, 27
"/home/maniospas/Desktop/p4ot/smol/tests/unit/tutorial/hello.s", "smoλ", 0, 0, 0, 0, 0, 3, 0, 0, 0, 0, 0, 0, 1, 4
"/home/maniospas/Desktop/p4ot/smol/tests/unit/tutorial/number.s", "smoλ", 0, 0, 0, 0, 0, 7, 0, 0, 0, 0, 0, 0, 1, 8
"/home/maniospas/Desktop/p4ot/smol/tests/unit/tutorial/pong.s", "smoλ", 0, 0, 0, 0, 0, 17, 0, 0, 0, 0, 0, 0, 4, 21
"/home/maniospas/Desktop/p4ot/smol/tests/unit/types/accessvar.s", "smoλ", 0, 0, 0, 0, 0, 18, 0, 0, 0, 0, 0, 0, 5, 23
"/home/maniospas/Desktop/p4ot/smol/tests/unit/types/circ.s", "smoλ", 0, 0, 0, 0, 0, 27, 0, 0, 0, 0, 0, 0, 7, 34
"/home/maniospas/Desktop/p4ot/smol/tests/unit/types/dataunion.s", "smoλ", 0, 0, 0, 0, 0, 10, 0, 0, 0, 0, 0, 5, 5, 20
"/home/maniospas/Desktop/p4ot/smol/tests/unit/types/mutpoint.s", "smoλ", 0, 0, 0, 0, 0, 35, 0, 0, 0, 0, 0, 1, 10, 46
"/home/maniospas/Desktop/p4ot/smol/tests/unit/types/nom.s", "smoλ", 0, 0, 0, 0, 0, 12, 0, 0, 0, 0, 0, 0, 4, 16
"/home/maniospas/Desktop/p4ot/smol/tests/unit/types/poly.s", "smoλ", 0, 0, 0, 0, 0, 10, 0, 0, 0, 0, 0, 0, 5, 15
"/home/maniospas/Desktop/p4ot/smol/tests/unit/types/pong.c", "C", 0, 0, 0, 0, 0, 0, 0, 163, 0, 0, 0, 4, 12, 179
"/home/maniospas/Desktop/p4ot/smol/tests/unit/types/pong.s", "smoλ", 0, 0, 0, 0, 0, 19, 0, 0, 0, 0, 0, 0, 5, 24
"/home/maniospas/Desktop/p4ot/smol/tests/unit/types/range_test.c", "C", 0, 0, 0, 0, 0, 0, 0, 116, 0, 0, 0, 3, 11, 130
"/home/maniospas/Desktop/p4ot/smol/tests/unit/types/range_test.s", "smoλ", 0, 0, 0, 0, 0, 10, 0, 0, 0, 0, 0, 0, 1, 11
"/home/maniospas/Desktop/p4ot/smol/tests/unit/types/union.s", "smoλ", 0, 0, 0, 0, 0, 14, 0, 0, 0, 0, 0, 2, 4, 20
"/home/maniospas/Desktop/p4ot/smol/tests/unit/types/units.s", "smoλ", 0, 0, 0, 0, 0, 7, 0, 0, 0, 0, 0, 0, 1, 8
"Total", "-", 58, 21, 114, 126, 627, 3962, 9244, 6823, 2842, 44, 1, 1864, 2330, 28056